point_idx,x_m,y_m,v_r_away_mps,v_towards_mps,los_x,los_y
1.000000000000000000e+00,2.043802748058516272e+01,2.434427024836828579e+01,-9.659929052719256504e+00,9.659929052719256504e+00,6.429862224450997310e-01,7.658777433414426516e-01
2.000000000000000000e+00,1.662181104788124486e+01,2.195963355931886340e+01,-9.517177894047703646e+00,9.517177894047703646e+00,6.035283211338926534e-01,7.973415614335582768e-01
3.000000000000000000e+00,1.556197251941483728e+01,2.365572975163171421e+01,-9.293840612251990763e+00,9.293840612251990763e+00,5.495916663638551469e-01,8.354334206047785427e-01
